[
  {
    "name": "theme_info",
    "theme_name": "Express",
    "theme_version": "1.10.0",
    "theme_author": "Shopify",
    "theme_documentation_url": "https://help.shopify.com/manual/using-themes/themes-by-shopify/express",
    "theme_support_url": "https://support.shopify.com/"
  },
  {
    "name": {
      "cs": "Barvy",
      "da": "Farver",
      "de": "Farben",
      "en": "Colors",
      "es": "Colores",
      "fi": "Värit",
      "fr": "Couleurs",
      "it": "Colori",
      "ja": "色",
      "ko": "색상",
      "nb": "Farger",
      "nl": "Kleuren",
      "pl": "Kolory",
      "pt-BR": "Cores",
      "pt-PT": "Cores",
      "sv": "Färger",
      "th": "สี",
      "tr": "Renkler",
      "vi": "Màu",
      "zh-CN": "颜色",
      "zh-TW": "色彩"
    },
    "settings": [
      {
        "type": "header",
        "content": {
          "cs": "Stránka",
          "da": "Side",
          "de": "Seite",
          "en": "Page",
          "es": "Página",
          "fi": "Sivu",
          "fr": "Page",
          "it": "Pagina",
          "ja": "ページ",
          "ko": "페이지",
          "nb": "Side",
          "nl": "Pagina",
          "pl": "Strona",
          "pt-BR": "Página",
          "pt-PT": "Página",
          "sv": "Sida",
          "th": "หน้า",
          "tr": "Sayfa",
          "vi": "Trang",
          "zh-CN": "页面",
          "zh-TW": "頁面"
        }
      },
      {
        "type": "color",
        "id": "color_background",
        "label": {
          "cs": "Pozadí",
          "da": "Baggrund",
          "de": "Hintergrund",
          "en": "Background",
          "es": "Fondo",
          "fi": "Tausta",
          "fr": "Arrière-plan",
          "it": "Sfondo",
          "ja": "背景",
          "ko": "배경",
          "nb": "Bakgrunn",
          "nl": "Achtergrond",
          "pl": "Tło",
          "pt-BR": "Plano de fundo",
          "pt-PT": "Fundo",
          "sv": "Bakgrund",
          "th": "พื้นหลัง",
          "tr": "Arka plan",
          "vi": "Nền",
          "zh-CN": "背景",
          "zh-TW": "背景"
        },
        "default": "#FFFBF6"
      },
      {
        "type": "color",
        "id": "color_secondary_background",
        "label": {
          "cs": "Sekundární pozadí",
          "da": "Sekundær baggrund",
          "de": "Sekundärer Hintergrund",
          "en": "Secondary background",
          "es": "Fondo secundario",
          "fi": "Toissijainen tausta",
          "fr": "Arrière-plan secondaire",
          "it": "Sfondo secondario",
          "ja": "サブ背景",
          "ko": "보조 배경",
          "nb": "Sekundær bakgrunn",
          "nl": "Secundaire achtergrond",
          "pl": "Dodatkowe tło",
          "pt-BR": "Fundo secundário",
          "pt-PT": "Fundo secundário",
          "sv": "Sekundär bakgrund",
          "th": "พื้นหลังรอง",
          "tr": "İkincil arka plan",
          "vi": "Nền thứ cấp",
          "zh-CN": "辅助背景",
          "zh-TW": "次要背景"
        },
        "default": "#FAF3EC"
      },
      {
        "type": "color",
        "id": "color_borders_and_lines",
        "label": {
          "cs": "Ohraničení a čáry",
          "da": "Kanter og beskæringer",
          "de": "Rahmen und Linien",
          "en": "Borders and lines",
          "es": "Bordes y líneas",
          "fi": "Rajat ja viivat",
          "fr": "Bordures et lignes",
          "it": "Bordi e linee",
          "ja": "罫線と線",
          "ko": "테두리 및 라인",
          "nb": "Border og linjer",
          "nl": "Randen en lijnen",
          "pl": "Obramowania i linie",
          "pt-BR": "Bordas e linhas",
          "pt-PT": "Limites e linhas",
          "sv": "Gränser och linjer",
          "th": "เส้นขอบและบรรทัด",
          "tr": "Kenarlıklar ve çizgiler",
          "vi": "Đường viền và đường kẻ",
          "zh-CN": "边框和线条",
          "zh-TW": "邊框和線條"
        },
        "default": "#DAD0CA"
      },
      {
        "type": "color",
        "id": "color_button",
        "label": {
          "cs": "Tlačítko",
          "da": "Knap",
          "de": "Schaltfläche",
          "en": "Button",
          "es": "Botón",
          "fi": "Painike",
          "fr": "Bouton",
          "it": "Pulsante",
          "ja": "ボタン",
          "ko": "버튼",
          "nb": "Knapp",
          "nl": "Knop",
          "pl": "Przycisk",
          "pt-BR": "Botão",
          "pt-PT": "Botão",
          "sv": "Knapp",
          "th": "ปุ่ม",
          "tr": "Düğme",
          "vi": "Nút",
          "zh-CN": "按钮",
          "zh-TW": "按鈕"
        },
        "default": "#000000"
      },
      {
        "type": "header",
        "content": {
          "cs": "Text",
          "da": "Tekstfarve",
          "de": "Textfarbe",
          "en": "Text",
          "es": "Color del texto",
          "fi": "Teksti",
          "fr": "Texte",
          "it": "Testo",
          "ja": "テキスト",
          "ko": "텍스트",
          "nb": "Tekst",
          "nl": "Tekstkleur",
          "pl": "Tekst",
          "pt-BR": "Texto",
          "pt-PT": "Texto",
          "sv": "Text",
          "th": "ข้อความ",
          "tr": "Metin",
          "vi": "Văn bản",
          "zh-CN": "文本",
          "zh-TW": "文字"
        }
      },
      {
        "type": "color",
        "id": "color_headings_and_links",
        "label": {
          "cs": "Nadpisy a odkazy",
          "da": "Overskrifter og links",
          "de": "Titel und Links",
          "en": "Headings and links",
          "es": "Títulos y enlaces",
          "fi": "Otsikot ja linkit",
          "fr": "En-têtes et liens",
          "it": "Titoli e link",
          "ja": "見出しとリンク",
          "ko": "제목 및 링크",
          "nb": "Overskrifter og koblinger",
          "nl": "Koppen en links",
          "pl": "Nagłówki i linki",
          "pt-BR": "Títulos e links",
          "pt-PT": "Títulos e ligações",
          "sv": "Rubriker och länkar",
          "th": "หัวเรื่องและลิงก์",
          "tr": "Başlıklar ve bağlantılar",
          "vi": "Tiêu đề và liên kết",
          "zh-CN": "标题和链接",
          "zh-TW": "標題和連結"
        },
        "default": "#000000"
      },
      {
        "type": "color",
        "id": "color_body_text",
        "label": {
          "cs": "Základní text",
          "da": "Brødtekst",
          "de": "Fließtext",
          "en": "Body text",
          "es": "Texto del cuerpo",
          "fi": "Leipäteksti",
          "fr": "Corps du texte",
          "it": "Corpo del testo",
          "ja": "本文",
          "ko": "본문 텍스트",
          "nb": "Brødtekst",
          "nl": "Hoofdtekst",
          "pl": "Tekst podstawowy",
          "pt-BR": "Corpo do texto",
          "pt-PT": "Corpo de texto",
          "sv": "Brödtext",
          "th": "ข้อความเนื้อหา",
          "tr": "Gövde metni",
          "vi": "Văn bản nội dung",
          "zh-CN": "正文文本",
          "zh-TW": "內文"
        },
        "default": "#746B60"
      },
      {
        "type": "color",
        "id": "color_secondary_background_text",
        "label": {
          "cs": "Text sekundárního pozadí",
          "da": "Sekundær baggrundstekst",
          "de": "Sekundärer Hintergrundtext",
          "en": "Secondary background text",
          "es": "Texto de fondo secundario",
          "fi": "Toissijainen taustateksti",
          "fr": "Texte d'arrière-plan secondaire",
          "it": "Testo sfondo secondario",
          "ja": "二次背景テキスト",
          "ko": "보조 배경 텍스트",
          "nb": "Sekundær bakgrunnstekst",
          "nl": "Secundaire achtergrondtekst",
          "pl": "Tekst dodatkowego tła",
          "pt-BR": "Texto de fundo secundário",
          "pt-PT": "Texto de fundo secundário",
          "sv": "Sekundär bakgrundstext",
          "th": "ตัวอักษรพื้นหลังรอง",
          "tr": "İkincil arka plan metni",
          "vi": "Văn bản nền thứ cấp",
          "zh-CN": "辅助背景文本",
          "zh-TW": "次要背景文字"
        },
        "default": "#000000"
      },
      {
        "type": "color",
        "id": "color_sale_price",
        "label": {
          "cs": "Prodejní cena",
          "da": "Udsalgspris",
          "de": "Sonderpreis",
          "en": "Sale price",
          "es": "Precio de venta",
          "fi": "Myyntihinta",
          "fr": "Prix réduit",
          "it": "Prezzo scontato",
          "ja": "販売価格",
          "ko": "판매 가격",
          "nb": "Salgspris",
          "nl": "Aanbiedingsprijs",
          "pl": "Cena sprzedaży",
          "pt-BR": "Preço promocional",
          "pt-PT": "Preço de saldo",
          "sv": "Försäljningspris",
          "th": "ราคาขาย",
          "tr": "Satış fiyatı",
          "vi": "Giá bán",
          "zh-CN": "销售价格",
          "zh-TW": "售價"
        },
        "default": "#C74230"
      },
      {
        "type": "header",
        "content": {
          "cs": "Pole formuláře",
          "da": "Formularfelter",
          "de": "Formularfelder",
          "en": "Form fields",
          "es": "Campos del formulario",
          "fi": "Lomakekentät",
          "fr": "Champs du formulaire",
          "it": "Campi modulo",
          "ja": "フォームフィールド",
          "ko": "양식 필드",
          "nb": "Skjemafelt",
          "nl": "Formuliervelden",
          "pl": "Pola formularza",
          "pt-BR": "Campos de formulário",
          "pt-PT": "Campos de formulário",
          "sv": "Formulärfält",
          "th": "ช่องข้อมูลของแบบฟอร์ม",
          "tr": "Form alanları",
          "vi": "Trường biểu mẫu",
          "zh-CN": "表单字段",
          "zh-TW": "表單欄位"
        }
      },
      {
        "type": "color",
        "id": "color_field_text",
        "label": {
          "cs": "Text",
          "da": "Tekstfarve",
          "de": "Textfarbe",
          "en": "Text",
          "es": "Color del texto",
          "fi": "Teksti",
          "fr": "Texte",
          "it": "Testo",
          "ja": "テキスト",
          "ko": "텍스트",
          "nb": "Tekst",
          "nl": "Tekstkleur",
          "pl": "Tekst",
          "pt-BR": "Texto",
          "pt-PT": "Texto",
          "sv": "Text",
          "th": "ข้อความ",
          "tr": "Metin",
          "vi": "Văn bản",
          "zh-CN": "文本",
          "zh-TW": "文字"
        },
        "default": "#000000"
      },
      {
        "type": "color",
        "id": "color_field_borders",
        "label": {
          "cs": "Ohraničení",
          "da": "Kanter",
          "de": "Ränder",
          "en": "Borders",
          "es": "Bordes",
          "fi": "Reunukset",
          "fr": "Bordures",
          "it": "Bordi",
          "ja": "罫線",
          "ko": "테두리",
          "nb": "Rammer",
          "nl": "Grenzen",
          "pl": "Obramowania",
          "pt-BR": "Bordas",
          "pt-PT": "Limites",
          "sv": "Gränser",
          "th": "ขอบ",
          "tr": "Kenarlıklar",
          "vi": "Đường viền",
          "zh-CN": "边框",
          "zh-TW": "邊框"
        },
        "default": "#000000"
      }
    ]
  },
  {
    "name": {
      "cs": "Typografie",
      "da": "Typografi",
      "de": "Typografie",
      "en": "Typography",
      "es": "Tipografía",
      "fi": "Typografia",
      "fr": "Typographie",
      "it": "Caratteri tipografici",
      "ja": "文字体裁",
      "ko": "입력 체계",
      "nb": "Typografi",
      "nl": "Typografie",
      "pl": "Typografia",
      "pt-BR": "Tipografia",
      "pt-PT": "Tipografia",
      "sv": "Typografi",
      "th": "ตัวพิมพ์",
      "tr": "Tipografi",
      "vi": "Kiểu chữ",
      "zh-CN": "版式",
      "zh-TW": "印刷樣式"
    },
    "settings": [
      {
        "type": "header",
        "content": {
          "cs": "Nadpisy",
          "da": "Overskrifter",
          "de": "Überschriften",
          "en": "Headings",
          "es": "Títulos",
          "fi": "Otsikot",
          "fr": "Titres",
          "it": "Titoli",
          "ja": "見出し",
          "ko": "제목",
          "nb": "Overskrifter",
          "nl": "Kopteksten",
          "pl": "Nagłówki",
          "pt-BR": "Títulos",
          "pt-PT": "Títulos",
          "sv": "Rubriker",
          "th": "ส่วนหัว",
          "tr": "Başlıklar",
          "vi": "Tiêu đề",
          "zh-CN": "标题",
          "zh-TW": "標題"
        }
      },
      {
        "type": "font_picker",
        "id": "font_heading",
        "label": {
          "cs": "Písmo",
          "da": "Skrifttype",
          "de": "Schriftart",
          "en": "Font",
          "es": "Fuente",
          "fi": "Fontti",
          "fr": "Police",
          "it": "Font",
          "ja": "フォント",
          "ko": "글꼴",
          "nb": "Skrifttype",
          "nl": "Lettertype",
          "pl": "Czcionka",
          "pt-BR": "Fonte",
          "pt-PT": "Tipo de letra",
          "sv": "Typsnitt",
          "th": "แบบอักษร",
          "tr": "Yazı tipi",
          "vi": "Phông chữ",
          "zh-CN": "字体",
          "zh-TW": "字型"
        },
        "default": "cardo_n4"
      },
      {
        "type": "range",
        "id": "font_heading_base_size",
        "label": {
          "cs": "Základní velikost nadpisu",
          "da": "Basisstørrelse for overskrift",
          "de": "Basisgröße Überschrift",
          "en": "Heading base size",
          "es": "Tamaño base de título",
          "fi": "Otsikon peruskoko",
          "fr": "Dimensions de base de l'en-tête",
          "it": "Dimensione base del titolo",
          "ja": "見出しの基本サイズ",
          "ko": "제목 기본 크기",
          "nb": "Grunnstørrelse for overskrift",
          "nl": "Afmeting kopbasis",
          "pl": "Podstawowy rozmiar nagłówka",
          "pt-BR": "Tamanho básico do título",
          "pt-PT": "Tamanho básico do título",
          "sv": "Rubrik basstorlek",
          "th": "ขนาดพื้นฐานของหัวเรื่อง",
          "tr": "Başlık temel boyutu",
          "vi": "Cỡ cơ sở của tiêu đề",
          "zh-CN": "标题基本尺寸",
          "zh-TW": "標題基本尺寸"
        },
        "default": 26,
        "min": 20,
        "max": 36,
        "step": 1,
        "unit": "px"
      },
      {
        "type": "header",
        "content": {
          "cs": "Základní text a tlačítka",
          "da": "Brødtekst og knapper",
          "de": "Haupttext und Schaltflächen",
          "en": "Body text and buttons",
          "es": "Cuerpo del texto y botones",
          "fi": "Leipäteksti ja painikkeet",
          "fr": "Corps de texte et boutons",
          "it": "Corpo del testo e pulsanti",
          "ja": "本文とボタン",
          "ko": "본문 텍스트 및 버튼",
          "nb": "Brødtekst og knapper",
          "nl": "Hoofdtekst en knoppen",
          "pl": "Tekst podstawowy i przyciski",
          "pt-BR": "Corpo do texto e botões",
          "pt-PT": "Corpo de texto e botões",
          "sv": "Brödtext och knappar",
          "th": "ข้อความเนื้อหาและปุ่ม",
          "tr": "Gövde metni ve düğmeleri",
          "vi": "Văn bản nội dung và nút",
          "zh-CN": "正文文本和按钮",
          "zh-TW": "內文和按鈕"
        }
      },
      {
        "type": "font_picker",
        "id": "font_body",
        "label": {
          "cs": "Písmo",
          "da": "Skrifttype",
          "de": "Schriftart",
          "en": "Font",
          "es": "Fuente",
          "fi": "Fontti",
          "fr": "Police",
          "it": "Font",
          "ja": "フォント",
          "ko": "글꼴",
          "nb": "Skrifttype",
          "nl": "Lettertype",
          "pl": "Czcionka",
          "pt-BR": "Fonte",
          "pt-PT": "Tipo de letra",
          "sv": "Typsnitt",
          "th": "แบบอักษร",
          "tr": "Yazı tipi",
          "vi": "Phông chữ",
          "zh-CN": "字体",
          "zh-TW": "字型"
        },
        "default": "helvetica_n4"
      },
      {
        "type": "range",
        "id": "font_body_base_size",
        "label": {
          "cs": "Základní velikost",
          "da": "Basisstørrelse",
          "de": "Basisgröße",
          "en": "Base size",
          "es": "Tamaño de base",
          "fi": "Peruskoko",
          "fr": "Taille de base",
          "it": "Dimensione base",
          "ja": "ベースサイズ",
          "ko": "기본 사이즈",
          "nb": "Grunnstørrelse",
          "nl": "Basisafmeting",
          "pl": "Podstawowy rozmiar",
          "pt-BR": "Tamanho básico",
          "pt-PT": "Tamanho básico",
          "sv": "Basstorlek",
          "th": "ขนาดพื้นฐาน",
          "tr": "Temel boyutu",
          "vi": "Cỡ cơ sở",
          "zh-CN": "基本尺寸",
          "zh-TW": "基本尺寸"
        },
        "default": 16,
        "min": 14,
        "max": 20,
        "step": 1,
        "unit": "px"
      }
    ]
  },
  {
    "name": {
      "cs": "Styl",
      "da": "Stil",
      "de": "Stil",
      "en": "Style",
      "es": "Estilo",
      "fi": "Tyyli",
      "fr": "Style",
      "it": "Stile",
      "ja": "スタイル",
      "ko": "스타일",
      "nb": "Stil",
      "nl": "Stijl",
      "pl": "Styl",
      "pt-BR": "Estilo",
      "pt-PT": "Estilo",
      "sv": "Stil",
      "th": "สไตล์",
      "tr": "Stil",
      "vi": "Kiểu",
      "zh-CN": "样式",
      "zh-TW": "樣式"
    },
    "settings": [
      {
        "type": "checkbox",
        "id": "show_product_modal",
        "label": {
          "cs": "Zobrazit stránky produktů ve formě překryvu",
          "da": "Vis produktsider som overlejring",
          "de": "Produktseiten in einer Überlagerung anzeigen",
          "en": "Display product pages in an overlay",
          "es": "Mostrar páginas de producto en sobreposición",
          "fi": "Näytä tuotesivut peittokuvana",
          "fr": "Afficher la page de produit en superposition",
          "it": "Mostra pagine di prodotto in sovrapposizione",
          "ja": "商品ページをオーバーレイで表示する",
          "ko": "오버레이로 제품 페이지 표시",
          "nb": "Vis produktsider i et overlegg",
          "nl": "Geef productpagina's weer in een overlay",
          "pl": "Wyświetlanie stron produktów w nakładce",
          "pt-BR": "Exibir as páginas de produto em uma sobreposição",
          "pt-PT": "Apresentar páginas de produto numa sobreposição",
          "sv": "Visa produktsidor på en överlagring",
          "th": "แสดงหน้าสินค้าแบบวางซ้อน",
          "tr": "Yer paylaşımında ürün sayfalarını görüntüle",
          "vi": "Hiển thị trang sản phẩm trong lớp phủ",
          "zh-CN": "以叠加方式显示产品页面",
          "zh-TW": "在疊加層中顯示產品頁面"
        },
        "default": true
      }
    ]
  },
  {
    "name": {
      "cs": "Výsuvný košík",
      "da": "Indkøbskurvskuffe",
      "de": "Warenkorbeinschub",
      "en": "Cart drawer",
      "es": "Carrito lateral",
      "fi": "Veto-ostoskori",
      "fr": "Tiroir du panier",
      "it": "Finestra del carrello",
      "ja": "カートドロワー",
      "ko": "카트 서랍",
      "nb": "Handlekurvskuff",
      "nl": "Winkelwagenoptie",
      "pl": "Szuflada koszyka",
      "pt-BR": "Carrinho de compras deslizante",
      "pt-PT": "Painel deslizante do carrinho",
      "sv": "Varukorgspanel",
      "th": "ลิ้นชักตะกร้าสินค้า",
      "tr": "Sepet çekmecesi",
      "vi": "Ngăn giỏ hàng",
      "zh-CN": "购物车抽屉",
      "zh-TW": "購物車導覽匣"
    },
    "settings": [
      {
        "type": "checkbox",
        "id": "show_cart_drawer",
        "label": {
          "cs": "Zobrazit výsuvný košík",
          "da": "Vis indkøbskurvskuffe",
          "de": "Warenkorbeinschub anzeigen",
          "en": "Show cart drawer",
          "es": "Mostrar carrito lateral",
          "fi": "Näytä veto-ostoskori",
          "fr": "Afficher le tiroir du panier",
          "it": "Mostra finestra carrello",
          "ja": "カートドロワーを表示する",
          "ko": "카트 서랍 표시",
          "nb": "Vis handlekurvskuff",
          "nl": "Winkelwagenoptie weergegeven",
          "pl": "Pokaż szufladę koszyka",
          "pt-BR": "Exibir carrinho de compras deslizante",
          "pt-PT": "Mostrar painel deslizante do carrinho",
          "sv": "Visa varukorgspanel",
          "th": "แสดงลิ้นชักตะกร้าสินค้า",
          "tr": "Sepet çekmecesini göster",
          "vi": "Hiển thị ngăn giỏ hàng",
          "zh-CN": "显示购物车抽屉",
          "zh-TW": "顯示購物車導覽匣"
        },
        "default": true
      },
      {
        "type": "checkbox",
        "id": "show_cart_note",
        "label": {
          "cs": "Zobrazit poznámku ke košíku",
          "da": "Vis bemærkning til indkøbskurv",
          "de": "Warenkorbanmerkung anzeigen",
          "en": "Show cart note",
          "es": "Mostrar nota del carrito",
          "fi": "Näytä tilauskommentti",
          "fr": "Afficher la note du panier",
          "it": "Mostra nota carrello",
          "ja": "カートメモを表示する",
          "ko": "카트 참고 사항 표시",
          "nb": "Vis handlekurvnotat",
          "nl": "Opmerking  voor winkelwagen weergeven",
          "pl": "Pokaż uwagę dotyczącą koszyka",
          "pt-BR": "Exibir observação do carrinho",
          "pt-PT": "Mostrar nota do carrinho",
          "sv": "Visa varukorgsanteckning",
          "th": "แสดงหมายเหตุสำหรับตะกร้าสินค้า",
          "tr": "Sepet notunu göster",
          "vi": "Hiển thị ghi chú trong giỏ hàng",
          "zh-CN": "显示购物车备注",
          "zh-TW": "顯示購物車備註"
        },
        "default": false
      }
    ]
  },
  {
    "name": {
      "cs": "Sociální sítě",
      "da": "Sociale medier",
      "de": "Social Media",
      "en": "Social media",
      "es": "Redes sociales",
      "fi": "Some",
      "fr": "Médias sociaux",
      "it": "Social media",
      "ja": "SNS",
      "ko": "소셜 미디어",
      "nb": "Sosiale medier",
      "nl": "Social media",
      "pl": "Media społecznościowe",
      "pt-BR": "Redes sociais",
      "pt-PT": "Redes sociais",
      "sv": "Sociala medier",
      "th": "โซเชียลมีเดีย",
      "tr": "Sosyal medya",
      "vi": "Truyền thông xã hội",
      "zh-CN": "社交媒体",
      "zh-TW": "社交媒體"
    },
    "settings": [
      {
        "type": "header",
        "content": {
          "cs": "Obrázek pro sdílení na sociálních sítích",
          "da": "Billede til deling på sociale medier",
          "de": "Social-Sharing-Bild",
          "en": "Social sharing image",
          "es": "Imagen de redes sociales",
          "fi": "Some-jakamiskuva",
          "fr": "Image de partage social",
          "it": "Immagine per condivisione social",
          "ja": "SNSでシェアする画像",
          "ko": "소셜 공유 이미지",
          "nb": "Bilde for deling på sosiale medier",
          "nl": "Afbeelding voor delen via social media.",
          "pl": "Obraz do udostępniania w mediach społecznościowych",
          "pt-BR": "Imagem de compartilhamento em redes sociais",
          "pt-PT": "Imagem de partilha nas redes sociais",
          "sv": "Bild för social delning",
          "th": "รูปภาพสำหรับแชร์ลงโซเชียล",
          "tr": "Sosyal medya paylaşım görseli",
          "vi": "Hình ảnh chia sẻ trên mạng xã hội",
          "zh-CN": "社交分享图片",
          "zh-TW": "社群分享圖示"
        }
      },
      {
        "type": "image_picker",
        "id": "share_image",
        "label": {
          "cs": "Obrázek",
          "da": "Billede",
          "de": "Bild",
          "en": "Image",
          "es": "Imagen",
          "fi": "Kuva",
          "fr": "Image",
          "it": "Immagine",
          "ja": "画像",
          "ko": "이미지",
          "nb": "Bilde",
          "nl": "Afbeelding",
          "pl": "Obraz",
          "pt-BR": "Imagem",
          "pt-PT": "Imagem",
          "sv": "Bild",
          "th": "รูปภาพ",
          "tr": "Görsel",
          "vi": "Hình ảnh",
          "zh-CN": "图片",
          "zh-TW": "圖片"
        },
        "info": {
          "cs": "Zobrazuje se v případě sdílení odkazu na sociálních sítích. [Zjistěte více](https://help.shopify.com/manual/using-themes/troubleshooting/showing-social-media-thumbnail-images/) o náhledových obrázcích.",
          "da": "Vis ved deling af link på sociale medier. [Få mere at vide](https://help.shopify.com/manual/using-themes/troubleshooting/showing-social-media-thumbnail-images/) om miniaturebilleder.",
          "de": "Wird angezeigt, wenn ein Link über Social Media geteilt wird. [Mehr Informationen](https://help.shopify.com/manual/using-themes/troubleshooting/showing-social-media-thumbnail-images/) über Bild-Miniaturansichten.",
          "en": "Shown when sharing a link on social media. [Learn more](https://help.shopify.com/manual/using-themes/troubleshooting/showing-social-media-thumbnail-images/) about image thumbnails.",
          "es": "Aparece cuando se comparte un enlace en una red social. [Más información sobre las miniaturas](https://help.shopify.com/manual/using-themes/troubleshooting/showing-social-media-thumbnail-images/).",
          "fi": "Näkyy, kun jaat linkin sosiaaliseen mediaan. [Lisätietoja](https://help.shopify.com/manual/using-themes/troubleshooting/showing-social-media-thumbnail-images/) kuvien pikkukuvista.",
          "fr": "S'affiche lorsqu'un lien est partagé sur les réseaux sociaux. [En savoir plus sur](https://help.shopify.com/manual/using-themes/troubleshooting/showing-social-media-thumbnail-images/) les images miniatures.",
          "it": "Mostrata quando si condivide un link sui social media. [Maggiori informazioni](https://help.shopify.com/manual/using-themes/troubleshooting/showing-social-media-thumbnail-images/) sulle immagini di anteprima.",
          "ja": "SNSでリンクを共有すると表示されます。サムネイル画像に関する[詳細](https://help.shopify.com/manual/using-themes/troubleshooting/showing-social-media-thumbnail-images/)は、こちらを参照してください。",
          "ko": "소셜 미디어에서 링크 공유 시 표시 [이미지 썸네일에 대해 자세히 알아보기](https://help.shopify.com/manual/using-themes/troubleshooting/showing-social-media-thumbnail-images/)",
          "nb": "Vist når en kobling deles i sosiale medier. [Finn ut mer](https://help.shopify.com/manual/using-themes/troubleshooting/showing-social-media-thumbnail-images/) om miniatyrbilder.",
          "nl": "Wordt weergegeven wanneer je een link deelt via social media. [Meer informatie](https://help.shopify.com/manual/using-themes/troubleshooting/showing-social-media-thumbnail-images/) over miniatuurafbeeldingen.",
          "pl": "Wyświetlane podczas udostępniania linka w mediach społecznościowych. [Dowiedz się więcej o miniaturach obrazów](https://help.shopify.com/manual/using-themes/troubleshooting/showing-social-media-thumbnail-images/).",
          "pt-BR": "Apresentada ao compartilhar um link nas redes sociais. [Saiba mais](https://help.shopify.com/manual/using-themes/troubleshooting/showing-social-media-thumbnail-images/) sobre miniaturas de imagens.",
          "pt-PT": "Apresentada ao partilhar uma ligação nas redes sociais. [Saiba mais](https://help.shopify.com/manual/using-themes/troubleshooting/showing-social-media-thumbnail-images/) sobre miniaturas de imagem.",
          "sv": "Visas när du delar en länk på sociala medier. [Läs mer](https://help.shopify.com/manual/using-themes/troubleshooting/showing-social-media-thumbnail-images/) om miniatyrbilder.",
          "th": "แสดงเมื่อแชร์ลิงก์บนโซเชียลมีเดีย [ดูข้อมูลเพิ่มเติม](https://help.shopify.com/manual/using-themes/troubleshooting/showing-social-media-thumbnail-images/) เกี่ยวกับรูปภาพขนาดย่อ",
          "tr": "Sosyal medyada bağlantı paylaşılırken gösterilir. Görsel küçük resimleri hakkında [daha fazla bilgi edinin](https://help.shopify.com/manual/using-themes/troubleshooting/showing-social-media-thumbnail-images/).",
          "vi": "Được hiển thị khi chia sẻ liên kết trên truyền thông xã hội. [Tìm hiểu thêm](https://help.shopify.com/manual/using-themes/troubleshooting/showing-social-media-thumbnail-images/) về hình ảnh thu nhỏ.",
          "zh-CN": "在社交媒体上分享链接时显示。[详细了解](https://help.shopify.com/manual/using-themes/troubleshooting/showing-social-media-thumbnail-images/)缩略图。",
          "zh-TW": "在社群媒體上分享連結時顯示。[深入瞭解圖片縮圖的相關資訊。](https://help.shopify.com/manual/using-themes/troubleshooting/showing-social-media-thumbnail-images/)"
        }
      },
      {
        "type": "header",
        "content": {
          "cs": "Možnosti pro sdílení na sociálních sítích",
          "da": "Muligheder for deling på sociale medier",
          "de": "Social-Sharing-Optionen",
          "en": "Social sharing options",
          "es": "Opciones para compartir en redes sociales",
          "fi": "Sosiaalisen median jakamisvaihtoehdot",
          "fr": "Options de partage social",
          "it": "Opzioni di condivisione sui social",
          "ja": "SNSシェアのオプション",
          "ko": "소셜 공유 옵션",
          "nb": "Knapper for deling på sosiale medier",
          "nl": "Opties voor sociaal delen",
          "pl": "Opcje udostępniania w mediach społecznościowych",
          "pt-BR": "Opções de compartilhamento em redes sociais",
          "pt-PT": "Opções de partilha em redes sociais",
          "sv": "Alternativ för delning i sociala medier",
          "th": "ตัวเลือกการแชร์ไปยังโซเชียลมีเดีย",
          "tr": "Sosyal medya paylaşım seçenekleri",
          "vi": "Tùy chọn chia sẻ qua mạng xã hội",
          "zh-CN": "社交分享选项",
          "zh-TW": "社群分享選項"
        }
      },
      {
        "type": "checkbox",
        "id": "share_facebook",
        "label": {
          "cs": "Sdílet na Facebooku",
          "da": "Del på Facebook",
          "de": "Auf Facebook teilen",
          "en": "Share on Facebook",
          "es": "Compartir en Facebook",
          "fi": "Jaa Facebookissa",
          "fr": "Partager sur Facebook",
          "it": "Condividi su Facebook",
          "ja": "Facebookでシェアする",
          "ko": "Facebook에서 공유",
          "nb": "Del på Facebook",
          "nl": "Delen op Facebook",
          "pl": "Udostępnij na Facebooku",
          "pt-BR": "Compartilhar no Facebook",
          "pt-PT": "Partilhe no Facebook",
          "sv": "Dela på Facebook",
          "th": "แชร์บน Facebook",
          "tr": "Facebook'ta paylaş",
          "vi": "Chia sẻ trên Facebook",
          "zh-CN": "在 Facebook 上共享",
          "zh-TW": "分享至 Facebook"
        },
        "default": true
      },
      {
        "type": "checkbox",
        "id": "share_twitter",
        "label": {
          "cs": "Tweetnout na Twitteru",
          "da": "Tweet på Twitter",
          "de": "Auf Twitter twittern",
          "en": "Tweet on Twitter",
          "es": "Tuitear en Twitter",
          "fi": "Twiittaa Twitterissä",
          "fr": "Tweeter sur Twitter",
          "it": "Twitta su Twitter",
          "ja": "Twitterに投稿する",
          "ko": "Twitter에서 트윗 작성",
          "nb": "Tweet på Twitter",
          "nl": "Twitteren op Twitter",
          "pl": "Tweetuj na Twitterze",
          "pt-BR": "Tuitar",
          "pt-PT": "Twittar no Twitter",
          "sv": "Twittra på Twitter",
          "th": "ทวีตบน Twitter",
          "tr": "Twitter'da tweet'le",
          "vi": "Tweet trên Twitter",
          "zh-CN": "在 Twitter 上发推文",
          "zh-TW": "在 Twitter 上發佈推文"
        },
        "default": true
      },
      {
        "type": "checkbox",
        "id": "share_pinterest",
        "label": {
          "cs": "Připnout na Pinterestu",
          "da": "Pin på Pinterest",
          "de": "Auf Pinterest pinnen",
          "en": "Pin on Pinterest",
          "es": "Pinear en Pinterest",
          "fi": "Pinnaa Pinterestissä",
          "fr": "Épingler sur Pinterest",
          "it": "Pinna su Pinterest",
          "ja": "Pinterestでピンする",
          "ko": "Pinterest에 고정하기",
          "nb": "Pin på Pinterest",
          "nl": "Pinnen op Pinterest",
          "pl": "Przypnij do tablicy Pinterest",
          "pt-BR": "Incluir como pin no Pinterest",
          "pt-PT": "Pin no Pinterest",
          "sv": "Spara en pin på Pinterest",
          "th": "ปักหมุดบน Pinterest",
          "tr": "Pinterest'te pin ekle",
          "vi": "Ghim trên Pinterest",
          "zh-CN": "固定在 Pinterest 上",
          "zh-TW": "加入 Pinterest"
        },
        "default": true
      },
      {
        "type": "header",
        "content": {
          "cs": "Účty na sociálních sítích",
          "da": "SoMe-konti",
          "de": "Social-Media-Konten",
          "en": "Social accounts",
          "es": "Cuentas de redes sociales",
          "fi": "Sosiaalisen median tilit",
          "fr": "Comptes sociaux",
          "it": "Account social",
          "ja": "SNSアカウント",
          "ko": "소셜 계정",
          "nb": "Sosiale kontoer",
          "nl": "Socialmedia-accounts",
          "pl": "Konta społecznościowe",
          "pt-BR": "Contas de redes sociais",
          "pt-PT": "Contas de redes sociais",
          "sv": "Sociala konton",
          "th": "บัญชีโซเชียลมีเดีย",
          "tr": "Sosyal medya hesapları",
          "vi": "Tài khoản mạng xã hội",
          "zh-CN": "社交媒体账户",
          "zh-TW": "社群帳戶"
        }
      },
      {
        "type": "text",
        "id": "social_twitter_link",
        "label": {
          "cs": "Twitter",
          "da": "Twitter",
          "de": "Twitter",
          "en": "Twitter",
          "es": "Twitter",
          "fi": "Twitter",
          "fr": "Twitter",
          "it": "Twitter",
          "ja": "Twitter",
          "ko": "Twitter",
          "nb": "Twitter",
          "nl": "Twitter",
          "pl": "Twitter",
          "pt-BR": "Twitter",
          "pt-PT": "Twitter",
          "sv": "Twitter",
          "th": "Twitter",
          "tr": "Twitter",
          "vi": "Twitter",
          "zh-CN": "Twitter",
          "zh-TW": "Twitter"
        },
        "info": {
          "cs": "https://twitter.com/shopify",
          "da": "https://twitter.com/shopify",
          "de": "https://twitter.com/shopify",
          "en": "https://twitter.com/shopify",
          "es": "https://twitter.com/shopify",
          "fi": "https://twitter.com/shopify",
          "fr": "https://twitter.com/shopify",
          "it": "https://twitter.com/shopify",
          "ja": "https://twitter.com/shopify",
          "ko": "https://twitter.com/shopify",
          "nb": "https://twitter.com/shopify",
          "nl": "https://twitter.com/shopify",
          "pl": "https://twitter.com/shopify",
          "pt-BR": "https://twitter.com/shopify",
          "pt-PT": "https://twitter.com/shopify",
          "sv": "https://twitter.com/shopify",
          "th": "https://twitter.com/shopify",
          "tr": "https://twitter.com/shopify",
          "vi": "https://twitter.com/shopify",
          "zh-CN": "https://twitter.com/shopify",
          "zh-TW": "https://twitter.com/shopify"
        }
      },
      {
        "type": "text",
        "id": "social_facebook_link",
        "label": {
          "cs": "Facebook",
          "da": "Facebook",
          "de": "Facebook",
          "en": "Facebook",
          "es": "Facebook",
          "fi": "Facebook",
          "fr": "Facebook",
          "it": "Facebook",
          "ja": "Facebook",
          "ko": "Facebook",
          "nb": "Facebook",
          "nl": "Facebook",
          "pl": "Facebook",
          "pt-BR": "Facebook",
          "pt-PT": "Facebook",
          "sv": "Facebook",
          "th": "Facebook",
          "tr": "Facebook",
          "vi": "Facebook",
          "zh-CN": "Facebook",
          "zh-TW": "Facebook"
        },
        "info": {
          "cs": "https://facebook.com/shopify",
          "da": "https://facebook.com/shopify",
          "de": "https://facebook.com/shopify",
          "en": "https://facebook.com/shopify",
          "es": "https://www.facebook.com/ShopifyES/",
          "fi": "https://facebook.com/shopify",
          "fr": "https://facebook.com/shopify",
          "it": "https://facebook.com/shopify",
          "ja": "https://facebook.com/shopify",
          "ko": "https://facebook.com/shopify",
          "nb": "https://facebook.com/shopify",
          "nl": "https://facebook.com/shopify",
          "pl": "https://facebook.com/shopify",
          "pt-BR": "https://facebook.com/shopify",
          "pt-PT": "https://facebook.com/shopify",
          "sv": "https://www.facebook.com/shopify",
          "th": "https://facebook.com/shopify",
          "tr": "https://facebook.com/shopify",
          "vi": "https://facebook.com/shopify",
          "zh-CN": "https://facebook.com/shopify",
          "zh-TW": "https://facebook.com/shopify"
        }
      },
      {
        "type": "text",
        "id": "social_pinterest_link",
        "label": {
          "cs": "Pinterest",
          "da": "Pinterest",
          "de": "Pinterest",
          "en": "Pinterest",
          "es": "Pinterest",
          "fi": "Pinterest",
          "fr": "Pinterest",
          "it": "Pinterest",
          "ja": "Pinterest",
          "ko": "Pinterest",
          "nb": "Pinterest",
          "nl": "Pinterest",
          "pl": "Pinterest",
          "pt-BR": "Pinterest",
          "pt-PT": "Pinterest",
          "sv": "Pinterest",
          "th": "Pinterest",
          "tr": "Pinterest",
          "vi": "Pinterest",
          "zh-CN": "Pinterest",
          "zh-TW": "Pinterest"
        },
        "info": {
          "cs": "https://pinterest.com/shopify",
          "da": "https://pinterest.com/shopify",
          "de": "https://pinterest.com/shopify",
          "en": "https://pinterest.com/shopify",
          "es": "https://pinterest.com/shopify",
          "fi": "https://facebook.com/shopify",
          "fr": "https://pinterest.com/shopify",
          "it": "https://pinterest.com/shopify",
          "ja": "https://pinterest.com/shopify",
          "ko": "https://pinterest.com/shopify",
          "nb": "https://pinterest.com/shopify",
          "nl": "https://pinterest.com/shopify",
          "pl": "https://pinterest.com/shopify",
          "pt-BR": "https://pinterest.com/shopify",
          "pt-PT": "https://pinterest.com/shopify",
          "sv": "https://www.pinterest.com/shopify",
          "th": "https://pinterest.com/shopify",
          "tr": "https://pinterest.com/shopify",
          "vi": "https://pinterest.com/shopify",
          "zh-CN": "https://pinterest.com/shopify",
          "zh-TW": "https://pinterest.com/shopify"
        }
      },
      {
        "type": "text",
        "id": "social_instagram_link",
        "label": {
          "cs": "Instagram",
          "da": "Instagram",
          "de": "Instagram",
          "en": "Instagram",
          "es": "Instagram",
          "fi": "Instagram",
          "fr": "Instagram",
          "it": "Instagram",
          "ja": "Instagram",
          "ko": "Instagram",
          "nb": "Instagram",
          "nl": "Instagram",
          "pl": "Instagram",
          "pt-BR": "Instagram",
          "pt-PT": "Instagram",
          "sv": "Instagram",
          "th": "Instagram",
          "tr": "Instagram",
          "vi": "Instagram",
          "zh-CN": "Instagram",
          "zh-TW": "Instagram"
        },
        "info": {
          "cs": "http://instagram.com/shopify",
          "da": "http://instagram.com/shopify",
          "de": "http://instagram.com/shopify",
          "en": "http://instagram.com/shopify",
          "es": "http://instagram.com/shopify",
          "fi": "https://instagram.com/shopify",
          "fr": "http://instagram.com/shopify",
          "it": "http://instagram.com/shopify",
          "ja": "http://instagram.com/shopify",
          "ko": "http://instagram.com/shopify",
          "nb": "http://instagram.com/shopify",
          "nl": "http://instagram.com/shopify",
          "pl": "http://instagram.com/shopify",
          "pt-BR": "http://instagram.com/shopify",
          "pt-PT": "http://instagram.com/shopify",
          "sv": "https://instagram.com/shopify",
          "th": "http://instagram.com/shopify",
          "tr": "http://instagram.com/shopify",
          "vi": "http://instagram.com/shopify",
          "zh-CN": "http://instagram.com/shopify",
          "zh-TW": "http://instagram.com/shopify"
        }
      },
      {
        "type": "text",
        "id": "social_tumblr_link",
        "label": {
          "cs": "Tumblr",
          "da": "Tumblr",
          "de": "Tumblr",
          "en": "Tumblr",
          "es": "Tumblr",
          "fi": "Tumblr",
          "fr": "Tumblr",
          "it": "Tumblr",
          "ja": "Tumblr",
          "ko": "Tumblr",
          "nb": "Tumblr",
          "nl": "Tumblr",
          "pl": "Tumblr",
          "pt-BR": "Tumblr",
          "pt-PT": "Tumblr",
          "sv": "Tumblr",
          "th": "Tumblr",
          "tr": "Tumblr",
          "vi": "Tumblr",
          "zh-CN": "Tumblr",
          "zh-TW": "Tumblr"
        },
        "info": {
          "cs": "http://shopify.tumblr.com",
          "da": "http://shopify.tumblr.com",
          "de": "http://shopify.tumblr.com",
          "en": "http://shopify.tumblr.com",
          "es": "http://shopify.tumblr.com",
          "fi": "http://shopify.tumblr.com",
          "fr": "http://shopify.tumblr.com",
          "it": "http://shopify.tumblr.com",
          "ja": "http://shopify.tumblr.com",
          "ko": "http://shopify.tumblr.com",
          "nb": "http://shopify.tumblr.com",
          "nl": "http://shopify.tumblr.com",
          "pl": "http://shopify.tumblr.com",
          "pt-BR": "http://shopify.tumblr.com",
          "pt-PT": "http://shopify.tumblr.com",
          "sv": "http://shopify.tumblr.com",
          "th": "http://shopify.tumblr.com",
          "tr": "http://shopify.tumblr.com",
          "vi": "http://shopify.tumblr.com",
          "zh-CN": "http://shopify.tumblr.com",
          "zh-TW": "http://shopify.tumblr.com"
        }
      },
      {
        "type": "text",
        "id": "social_snapchat_link",
        "label": {
          "cs": "Snapchat",
          "da": "Snapchat",
          "de": "Snapchat",
          "en": "Snapchat",
          "es": "Snapchat",
          "fi": "Snapchat",
          "fr": "Snapchat",
          "it": "Snapchat",
          "ja": "Snapchat",
          "ko": "Snapchat",
          "nb": "Snapchat",
          "nl": "Snapchat",
          "pl": "Snapchat",
          "pt-BR": "Snapchat",
          "pt-PT": "Snapchat",
          "sv": "Snapchat",
          "th": "Snapchat",
          "tr": "Snapchat",
          "vi": "Snapchat",
          "zh-CN": "Snapchat",
          "zh-TW": "Snapchat"
        },
        "info": {
          "cs": "https://www.snapchat.com/add/shopify",
          "da": "https://www.snapchat.com/add/shopify",
          "de": "https://www.snapchat.com/add/shopify",
          "en": "https://www.snapchat.com/add/shopify",
          "es": "https://www.snapchat.com/add/shopify",
          "fi": "https://www.snapchat.com/add/shopify",
          "fr": "https://www.snapchat.com/add/shopify",
          "it": "https://www.snapchat.com/add/shopify",
          "ja": "https://www.snapchat.com/add/shopify",
          "ko": "https://www.snapchat.com/add/shopify",
          "nb": "https://snapchat.com/add/shopify",
          "nl": "https://www.snapchat.com/add/shopify",
          "pl": "https://www.snapchat.com/add/shopify",
          "pt-BR": "https://www.snapchat.com/add/shopify",
          "pt-PT": "https://www.snapchat.com/add/shopify",
          "sv": "https://www.snapchat.com/add/shopify",
          "th": "https://www.snapchat.com/add/shopify",
          "tr": "https://www.snapchat.com/add/shopify",
          "vi": "https://www.snapchat.com/add/shopify",
          "zh-CN": "https://www.snapchat.com/add/shopify",
          "zh-TW": "https://www.snapchat.com/add/shopify"
        }
      },
      {
        "type": "text",
        "id": "social_youtube_link",
        "label": {
          "cs": "YouTube",
          "da": "YouTube",
          "de": "YouTube",
          "en": "YouTube",
          "es": "Youtube",
          "fi": "YouTube",
          "fr": "YouTube",
          "it": "YouTube",
          "ja": "YouTube",
          "ko": "YouTube",
          "nb": "YouTube",
          "nl": "YouTube",
          "pl": "Youtube",
          "pt-BR": "YouTube",
          "pt-PT": "YouTube",
          "sv": "YouTube",
          "th": "YouTube",
          "tr": "YouTube",
          "vi": "YouTube",
          "zh-CN": "YouTube",
          "zh-TW": "YouTube"
        },
        "info": {
          "cs": "https://www.youtube.com/shopify",
          "da": "https://www.youtube.com/shopify",
          "de": "https://www.youtube.com/shopify",
          "en": "https://www.youtube.com/shopify",
          "es": "https://www.youtube.com/shopify",
          "fi": "https://facebook.com/shopify",
          "fr": "https://www.youtube.com/shopify",
          "it": "https://www.youtube.com/shopify",
          "ja": "https://www.youtube.com/shopify",
          "ko": "https://www.youtube.com/shopify",
          "nb": "https://www.youtube.com/shopify",
          "nl": "https://www.youtube.com/shopify",
          "pl": "https://www.youtube.com/shopify",
          "pt-BR": "https://www.youtube.com/shopify",
          "pt-PT": "https://www.youtube.com/shopify",
          "sv": "https://www.youtube.com/user/shopify",
          "th": "https://www.youtube.com/shopify",
          "tr": "https://www.youtube.com/shopify",
          "vi": "https://www.youtube.com/shopify",
          "zh-CN": "https://www.youtube.com/shopify",
          "zh-TW": "https://www.youtube.com/shopify"
        }
      },
      {
        "type": "text",
        "id": "social_vimeo_link",
        "label": {
          "cs": "Vimeo",
          "da": "Vimeo",
          "de": "Vimeo",
          "en": "Vimeo",
          "es": "Vimeo",
          "fi": "Vimeo",
          "fr": "Vimeo",
          "it": "Vimeo",
          "ja": "Vimeo",
          "ko": "Vimeo",
          "nb": "Vimeo",
          "nl": "Vimeo",
          "pl": "Vimeo",
          "pt-BR": "Vimeo",
          "pt-PT": "Vimeo",
          "sv": "Vimeo",
          "th": "Vimeo",
          "tr": "Vimeo",
          "vi": "Vimeo",
          "zh-CN": "Vimeo",
          "zh-TW": "Vimeo"
        },
        "info": {
          "cs": "https://vimeo.com/shopify",
          "da": "https://vimeo.com/shopify",
          "de": "https://vimeo.com/shopify",
          "en": "https://vimeo.com/shopify",
          "es": "https://vimeo.com/shopify",
          "fi": "https://vimeo.com/shopify",
          "fr": "https://vimeo.com/shopify",
          "it": "https://vimeo.com/shopify",
          "ja": "https://vimeo.com/shopify",
          "ko": "https://vimeo.com/shopify",
          "nb": "https://vimeo.com/shopify",
          "nl": "https://vimeo.com/shopify",
          "pl": "https://vimeo.com/shopify",
          "pt-BR": "https://vimeo.com/shopify",
          "pt-PT": "https://vimeo.com/shopify",
          "sv": "https://vimeo.com/shopify",
          "th": "https://vimeo.com/shopify",
          "tr": "https://vimeo.com/shopify",
          "vi": "https://vimeo.com/shopify",
          "zh-CN": "https://vimeo.com/shopify",
          "zh-TW": "https://vimeo.com/shopify"
        }
      }
    ]
  },
  {
    "name": {
      "cs": "Favikona",
      "da": "Favoritikon",
      "de": "Favicon",
      "en": "Favicon",
      "es": "Favicon",
      "fi": "Favicon",
      "fr": "Favicon",
      "it": "Favicon",
      "ja": "ファビコン",
      "ko": "Favicon",
      "nb": "Favicon",
      "nl": "Favicon",
      "pl": "Ikona Favicon",
      "pt-BR": "Favicon",
      "pt-PT": "Favicon",
      "sv": "Favicon",
      "th": "Favicon",
      "tr": "Favicon",
      "vi": "Biểu tượng trang web",
      "zh-CN": "网站图标",
      "zh-TW": "Favicon"
    },
    "settings": [
      {
        "type": "image_picker",
        "id": "favicon",
        "label": {
          "cs": "Obrázek favikony",
          "da": "Billede for favoritikon",
          "de": "Favicon-Bild",
          "en": "Favicon image",
          "es": "Imagen de favicon",
          "fi": "Favicon-kuva",
          "fr": "Image favicon",
          "it": "Immagine favicon",
          "ja": "ファビコン画像",
          "ko": "파비콘 이미지",
          "nb": "Favicon-bilde",
          "nl": "Favicon-afbeelding",
          "pl": "Obraz ikony Favicon",
          "pt-BR": "Imagem favicon",
          "pt-PT": "Imagem Favicon",
          "sv": "Favicon-bild",
          "th": "รูปภาพ Favicon",
          "tr": "Favicon görseli",
          "vi": "Hình ảnh biểu tượng trang web",
          "zh-CN": "网站图标图片",
          "zh-TW": "Favicon 圖片"
        },
        "info": {
          "cs": "Dojde ke zmenšení na 32 × 32 px",
          "da": "Skaleres ned til 32 x 32 px",
          "de": "Wird auf 32 x 32 Pixel verkleinert",
          "en": "Will be scaled down to 32 x 32px",
          "es": "Se reducirá a 32 x 32px",
          "fi": "Skaalataan 32 x 32 pikseliin",
          "fr": "Sera réduite à 32 x 32 px",
          "it": "Verrà ridimensionata a 32 x 32 pixel.",
          "ja": "32×32ピクセルに縮小されます。",
          "ko": "32x32 픽셀로 축소됩니다.",
          "nb": "Vil skaleres ned til 32 x 32 px",
          "nl": "Wordt verkleind tot 32x32 pixels",
          "pl": "Zostanie zmniejszony do rozmiaru 32 x 32 piksele.",
          "pt-BR": "Será reduzida para 32 x 32 pixels",
          "pt-PT": "Será reduzida para 32 x 32 px",
          "sv": "Kommer skalas ned till 32 x 32 px",
          "th": "จะถูกลดขนาดลงเป็น 32 x 32 พิกเซล",
          "tr": "Ölçeği 32 x 32 piksele düşürülür",
          "vi": "Sẽ được thu nhỏ xuống 32 x 32px",
          "zh-CN": "将缩小到 32 x 32px",
          "zh-TW": "將會縮小為 32 x 32 像素"
        }
      }
    ]
  }
]