{"current":{"color_background":"#FFFFFF","color_secondary_background":"#EBF2EF","color_borders_and_lines":"#577B46","color_button":"#2D4F1E","color_headings_and_links":"#51836d","color_body_text":"#2d4f1e","color_secondary_background_text":"#2D4F1E","color_sale_price":"#E84C37","color_field_text":"#2D4F1E","color_field_borders":"#2D4F1E","font_heading":"futura_n5","font_body":"karla_n4","sections":{"header":{"type":"header","settings":{"logo_max_width":60,"main_menu":"","enable_secondary_background":false,"show_search":false,"announcement_bar_enabled":true,"announcement_bar_text":"Trgovina Anica","announcement_bar_color_background":"#51836d","announcement_bar_color_text":"#ffffff"}},"image-with-text-0":{"type":"image-with-text","settings":{"image":"shopify:\/\/shop_images\/an-apple-basket-sits-empty-near-an-apple-tree.jpg","title":"Jabolka iz Aničinih rok","text":"<p>Kupujmo domače. Kupujmo Aničina jabolka.<\/p>","button_label":"","desktop_layout":"right","mobile_layout":"bottom","secondary_background":"no_background","text_size":"large","keep_image_ratio":true,"enable_secondary_text_color":false}},"featured-collections-0":{"type":"featured-collections","blocks":{"featured-collections-0-0":{"type":"collection","settings":{"collection":"kisla-jabolka"}},"featured-collections-0-1":{"type":"collection","settings":{"collection":"jabolka"}}},"block_order":["featured-collections-0-0","featured-collections-0-1"],"settings":{"list_size":"medium","image_style":"circle","quick_add":true}},"featured-product":{"type":"featured-product","settings":{"product":"kosara-vseh-jabolk-1kg","show_quantity_selector":true,"show_vendor":false,"enable_dynamic_checkout":true,"show_social_buttons":true}},"footer":{"type":"footer","blocks":{"footer-0":{"type":"text","settings":{"title":"Trgovina Anica ima dolgoletno tradicijo gojenja jabolk v Osrednjeslovenski regiji.","text":"<p>Gospa Anica Koromander je prvo jablano nasadila daljnega leta 1827.<\/p>"}},"footer-2":{"type":"newsletter","settings":{"title":"Naročite se na mesečne pripovedi o zgodovini naše jabolčne tradicije."}}},"block_order":["footer-0","footer-2"],"settings":{"show_payment_icons":false,"color_footer_background":"#ebf2ef","color_footer_heading_text":"#2d4f1e","color_footer_body_text":"#577b46","show_locale_selector":true}},"1611243988be5a56fe":{"type":"custom-content","blocks":{"1611243988be5a56fe-0":{"type":"text","settings":{"title":"Minimalni nakupni znesek je 20€.","text":"<p>Vse cene vključujejo košaro 1kg izbrane sorte, kar predstavlja deset jabolk.<\/p>","button_label":"","text_size":"medium","width":"one_third","alignment":"top","align_text":"left"}},"d99f25a3-a528-46e7-8743-727c3b8b5de8":{"type":"text","settings":{"title":"Dostava nad 50€ je brezplačna.","text":"<p>V primeru, da je znesek pod 50€, je dostava 5€. Možen je tudi lasten prevzem.<\/p>","button_label":"","text_size":"medium","width":"one_third","alignment":"top","align_text":"left"}},"58e639a1-5a12-41a2-96b5-61beadf4c435":{"type":"text","settings":{"title":"Dostavljamo vse dni v tednu med 7. in 17. uro.","text":"<p> Dostava trenutno možna le v Osrednjeslovenski regiji.<\/p>","button_label":"","text_size":"medium","width":"one_third","alignment":"middle","align_text":"left"}}},"block_order":["1611243988be5a56fe-0","d99f25a3-a528-46e7-8743-727c3b8b5de8","58e639a1-5a12-41a2-96b5-61beadf4c435"],"settings":{"title":"Pravila poslovanja","mobile_layout":"grid"}}},"content_for_index":["image-with-text-0","1611243988be5a56fe","featured-collections-0","featured-product"]},"presets":{"Bistro":{"sections":{"header":{"type":"header","settings":{}},"image-with-text-0":{"type":"image-with-text","settings":{"text":"","text_size":"large","keep_image_ratio":true}},"featured-collections":{"type":"featured-collections","blocks":{"featured-collections-0":{"type":"collection","settings":{}},"featured-collections-1":{"type":"collection","settings":{}},"featured-collections-2":{"type":"collection","settings":{}},"featured-collections-3":{"type":"collection","settings":{}},"featured-collections-4":{"type":"collection","settings":{}}},"block_order":["featured-collections-0","featured-collections-1","featured-collections-2","featured-collections-3","featured-collections-4"],"settings":{}},"featured-product":{"type":"featured-product","settings":{"enable_dynamic_checkout":false,"show_social_buttons":false}},"image-with-text-1":{"type":"image-with-text","settings":{"secondary_background":"full_background","text_size":"medium","keep_image_ratio":true}},"image-with-text-2":{"type":"image-with-text","settings":{"desktop_layout":"left","secondary_background":"full_background","text_size":"medium","keep_image_ratio":true}},"image-with-text-3":{"type":"image-with-text","settings":{"secondary_background":"full_background","text_size":"medium","keep_image_ratio":true}},"footer":{"type":"footer","blocks":{"footer-0":{"type":"text","settings":{}},"footer-1":{"type":"newsletter","settings":{}}},"block_order":["footer-0","footer-1"],"settings":{}}},"content_for_index":["image-with-text-0","featured-collections","featured-product","image-with-text-1","image-with-text-2","image-with-text-3"]},"Pantry":{"color_background":"#FFFFFF","color_secondary_background":"#EBF2EF","color_borders_and_lines":"#577B46","color_button":"#2D4F1E","color_headings_and_links":"#2D4F1E","color_body_text":"#537344","color_secondary_background_text":"#2D4F1E","color_sale_price":"#E84C37","color_field_text":"#2D4F1E","color_field_borders":"#2D4F1E","font_heading":"futura_n5","font_body":"karla_n4","sections":{"header":{"type":"header","settings":{"enable_secondary_background":false,"announcement_bar_color_background":"#51836D","announcement_bar_color_text":"#FFFFFF"}},"image-with-text-0":{"type":"image-with-text","settings":{"secondary_background":"no_background","text_size":"large","keep_image_ratio":true}},"featured-collections-0":{"type":"featured-collections","blocks":{"featured-collections-0-0":{"type":"collection","settings":{}},"featured-collections-0-1":{"type":"collection","settings":{}},"featured-collections-0-2":{"type":"collection","settings":{}},"featured-collections-0-3":{"type":"collection","settings":{}}},"block_order":["featured-collections-0-0","featured-collections-0-1","featured-collections-0-2","featured-collections-0-3"],"settings":{}},"image-with-text-1":{"type":"image-with-text","settings":{"secondary_background":"full_background","text_size":"large","keep_image_ratio":true}},"image-with-text-2":{"type":"image-with-text","settings":{"desktop_layout":"left","secondary_background":"no_background","text_size":"large","keep_image_ratio":true}},"featured-collections-1":{"type":"featured-collections","blocks":{"featured-collections-1-0":{"type":"collection","settings":{}},"featured-collections-1-1":{"type":"collection","settings":{}},"featured-collections-1-2":{"type":"collection","settings":{}},"featured-collections-1-3":{"type":"collection","settings":{}},"featured-collections-1-4":{"type":"collection","settings":{}}},"block_order":["featured-collections-1-0","featured-collections-1-1","featured-collections-1-2","featured-collections-1-3","featured-collections-1-4"],"settings":{}},"featured-product":{"type":"featured-product","settings":{"show_quantity_selector":true,"enable_dynamic_checkout":false,"show_social_buttons":false}},"footer":{"type":"footer","blocks":{"footer-0":{"type":"text","settings":{}},"footer-1":{"type":"text","settings":{}},"footer-2":{"type":"newsletter","settings":{}}},"block_order":["footer-0","footer-1","footer-2"],"settings":{"color_footer_background":"#EBF2EF","color_footer_heading_text":"#2D4F1E","color_footer_body_text":"#577B46"}}},"content_for_index":["image-with-text-0","featured-collections-0","image-with-text-1","image-with-text-2","featured-collections-1","featured-product"]}}}